country_name,country_code,dem_vdem,rle_vdem,prop_vdem,fh_cl,fh_pr,rle_wb,dem_polity,area,pop,pop_rural,gini,nat_resources,gdp_pc.1995,region,educ,conflict,elec_access,life_exp,gdp_pc
Mexico,MEX,0.649,0.504,0.73,3,3,-0.447,8,1965660.69,121858258,25242937,NA,2.178293329,7390.714716,2,8.48,0,99.5,74.917,9751.569083
Suriname,SUR,0.801,0.725,0.804,3,2,-0.195,5,145952.274,559143,189793,NA,5.586345553,6012.840555,2,NA,0,95.90665436,71.358,8628.855726
Sweden,SWE,0.898,0.99,0.91,1,1,2.038,10,444337.592,9799186,1317697,29.2,0.296501285,34648.11892,5,11.85,0,100,82.30731707,51955.86107
Switzerland,CHE,0.888,0.994,0.895,1,1,1.945,10,41475.571,8282396,2176779,32.3,0.010788837,67394.97161,5,12.71,0,100,83.60243902,85570.39606
Ghana,GHA,0.736,0.578,0.813,2,1,0.142,8,240585.52,27849205,12786683,NA,10.89419915,954.4414309,4,5.61,0,79.3,63.124,1723.943452
South Africa,ZAF,0.713,0.703,0.806,2,2,0.088,9,1224585.797,55386367,19480494,NA,2.738260301,4662.396855,4,7.88,0,84.2,63.153,5673.393455
Japan,JPN,0.816,0.958,0.877,1,1,1.519,10,371862.3,127141000,10958283,NA,0.028211418,30171.16379,6,13.15,0,100,83.98487805,35264.81336
Burma/Myanmar,MMR,0.374,0.423,0.355,5,6,-1.237,2,670372.095,52680726,36951313,38.1,6.481487634,226.0822217,6,5.7,0,55.6,66.205,1201.966471
Russia,RUS,0.267,0.159,0.876,6,6,-0.764,4,16827198,144096870,37393138,37.7,10.04341165,4862.642272,1,9.61,0,100,71.65121951,11356.40004
Albania,ALB,0.547,0.557,0.748,3,3,-0.328,9,28680.714,2880703,1226200,32.9,1.621620436,1488.020491,1,NA,0,99.89,78.194,4090.363323
Egypt,EGY,0.198,0.274,0.276,5,6,-0.601,-4,1002473.978,92442547,52891004,31.8,4.178824435,2185.302175,3,7.72,0,100,71.482,3638.894927
Yemen,YEM,0.179,0.058,0.355,6,7,-1.271,0,456146.699,26497889,17282713,NA,2.105148678,2163.525442,3,NA,1,68.9187088,66.087,1415.839376
Colombia,COL,0.711,0.7,0.71,4,3,-0.268,7,1142725.713,47520667,9616282,51,3.678660325,4118.628027,2,7.604,0,98.4,76.732,6219.149691
Poland,POL,0.866,0.948,0.909,1,1,0.802,10,311161.237,37986412,15088963,31.8,0.717581436,5638.14491,1,9.696,0,100,77.85121951,12979.25595
Brazil,BRA,0.867,0.77,0.886,2,2,-0.147,8,8523619.571,204471769,29096331,51.9,2.386846557,6584.739221,2,8.14,0,99.7,75.23,8455.323481
United States of America,USA,0.89,0.98,0.872,1,1,1.596,10,9468306.22,320742673,58788250,41.2,0.234698331,41794.19221,5,13.61,0,100,78.53902439,57418.93385
Portugal,PRT,0.868,0.954,0.907,1,1,1.147,10,92026.586,10358076,3779248,35.5,0.135141094,15782.63468,5,7.82,0,100,81.12439024,19692.98868
El Salvador,SLV,0.668,0.541,0.71,3,2,-0.585,8,20692.839,6325124,1916512,40.6,0.850742983,2839.205247,2,5.93,0,96,72.644,3781.217023
Bangladesh,BGD,0.331,0.216,0.831,4,4,-0.751,1,138505.328,156256276,102647880,NA,0.934311292,572.4384537,6,4.69,0,75.92,71.785,1322.694812
Bolivia,BOL,0.633,0.474,0.615,3,3,-1.141,7,1092697.436,10869730,3435596,46.7,3.767257349,1920.317932,2,8.268,0,91.8,70.626,3118.913683
Haiti,HTI,0.425,0.139,0.803,5,5,-1.181,0,27315.459,10695542,5088189,NA,0.572188967,1270.12958,2,4.23,0,40.4,62.896,1394.219997
Honduras,HND,0.464,0.268,0.825,4,4,-0.926,7,112871.255,9112916,4085771,49.2,1.568462312,1741.666305,2,5.79,0,91.6,74.701,2351.093586
Mali,MLI,0.56,0.416,0.838,4,5,-0.735,5,1259194.501,17438778,10464833,NA,7.388938214,511.8975812,4,1.51,0,38.86705399,57.987,772.1318362
Pakistan,PAK,0.482,0.381,0.645,5,4,-0.767,7,879492.897,199426964,127581399,32.6,1.246643048,1008.224761,6,5.97,1,71.58531952,66.77,1402.087871
Peru,PER,0.767,0.73,0.69,3,2,-0.485,9,1299028.078,30470734,6899489,43.4,3.86737756,3165.489972,2,8.87,0,94.2,76.044,6380.025857
Senegal,SEN,0.645,0.83,0.754,2,2,-0.142,7,197172.573,14578459,7892481,NA,3.491946114,978.3107544,4,2.99,0,64.5,67.078,1260.848057
South Sudan,SSD,0.182,0.072,0.093,6,7,-1.855,0,631411.105,10715658,8695541,NA,11.1791739,NA,4,NA,1,5.128197193,57.12,NA
Sudan,SDN,0.245,0.093,0.148,7,7,-1.211,-4,1870245.09,38902950,25717183,NA,3.46480381,961.208872,4,NA,1,48.83090973,64.663,2042.112807
Vietnam,VNM,0.213,0.379,0.602,5,7,-0.339,-7,326086.275,92677076,61343887,NA,4.206112896,729.5402794,6,6.532,0,99.2,75.172,2191.819699
Afghanistan,AFG,0.396,0.245,0.506,6,6,-1.504,-1,643557.141,34413603,25877997,NA,0.495307093,NA,6,3.813,1,97.7,63.763,575.3344424
Argentina,ARG,0.756,0.584,0.886,2,2,-0.771,9,2787442.098,43131966,3664923,NA,1.081226358,10003.09169,2,8.77,0,99.95601654,76.221,13360.21183
Ethiopia,ETH,0.238,0.334,0.37,6,7,-0.509,-3,1134773.297,100835458,81245141,35,12.19036608,243.598443,4,NA,1,42.9,65.482,682.2393577
India,IND,0.615,0.733,0.775,3,2,-0.047,9,3166803.189,1310152403,880723742,NA,1.764172696,618.3677694,6,4.84,0,89.53488159,68.897,1719.318076
Kenya,KEN,0.472,0.533,0.405,4,4,-0.488,9,585730.013,47878336,35593715,40.8,2.960045209,1185.8785,4,6.46,1,53.1,65.393,1381.623203
North Korea,PRK,0.1,0.032,0.009,7,7,-1.645,-10,122351.727,25183833,9751935,NA,NA,NA,6,7.108,0,42.57210541,71.711,NA
South Korea,KOR,0.712,0.816,0.768,2,2,0.932,8,97429.716,51014947,9369405,NA,0.018425354,13408.68142,6,13,0,100,82.27560976,29461.78401
Kosovo,XKX,0.656,0.431,0.418,4,3,-0.465,8,10737.528,1801800,NA,26.5,0.33164878,NA,1,NA,0,99.8,71.74390244,3772.121641
Lebanon,LBN,0.526,0.341,0.626,4,5,-0.826,6,10240.234,6532678,776997,NA,0.002287824,6235.304592,3,8.725,0,100,78.8,7551.546861
Nigeria,NGA,0.594,0.407,0.69,5,4,-0.962,7,914291.337,181137448,94484919,NA,5.064158511,1414.101377,4,4.48,1,59.3,53.541,2575.455449
Philippines,PHL,0.586,0.586,0.817,3,3,-0.343,8,294201.601,102113212,54851130,44.6,0.769548074,1712.309462,6,8.24,0,92.04637146,70.802,3167.502416
Tanzania,TZA,0.524,0.661,0.532,4,3,-0.372,3,947555.66,51482633,35205372,NA,5.336143654,521.055281,4,3.645,0,32.8,63.844,904.4084623
Taiwan,TWN,0.84,0.877,0.9,2,1,1.162,10,36184.054,NA,NA,NA,NA,NA,6,NA,0,NA,NA,NA
Thailand,THA,0.15,0.269,0.745,5,6,-0.148,-3,515247.087,68714511,35941816,36,2.088415417,3592.500797,6,7.91,0,99.85212708,76.403,6018.177484
Uganda,UGA,0.341,0.448,0.557,5,6,-0.39,-1,243702.806,38225453,29792913,NA,10.84130909,446.6841546,4,4.54,0,26.7,61.986,852.2220379
Venezuela,VEN,0.334,0.032,0.648,5,5,-2.032,4,916782.217,30081829,3563493,NA,NA,NA,2,6.63,0,99.4,72.405,NA
Benin,BEN,0.698,0.618,0.875,2,2,-0.536,7,116922.187,10575952,5743276,47.8,4.304299508,823.5492837,4,2.89,0,37.08368683,60.885,1082.451292
Bhutan,BTN,0.625,0.931,0.702,4,3,0.522,5,39991.356,727876,446354,NA,4.028295413,931.8786036,6,NA,0,99.50035858,70.781,2940.69997
Burkina Faso,BFA,0.374,0.722,0.764,3,4,-0.523,6,274009.474,18110624,13124763,NA,11.63285023,365.2805352,4,1.428,0,16.6396122,60.354,672.3630399
Cambodia,KHM,0.322,0.096,0.451,5,6,-0.978,2,182847.296,15521436,12077539,NA,1.817686573,388.2880271,6,5.894,0,76.62667847,68.977,1224.286218
Indonesia,IDN,0.677,0.645,0.776,4,2,-0.422,9,1890541.851,258383256,120631391,39.7,3.116901829,1934.123433,6,NA,0,97.62,71.035,3456.928114
Mozambique,MOZ,0.454,0.482,0.591,4,4,-0.849,5,790679.445,27042002,17739553,NA,12.98765582,219.1927749,4,2.68,0,26.2693119,58.309,595.0776111
Nepal,NPL,0.579,0.58,0.715,4,3,-0.677,6,147710.195,27015031,22001853,NA,1.063146872,493.6546022,6,4.366,0,90.7,69.848,897.403788
Nicaragua,NIC,0.358,0.151,0.58,3,4,-0.736,9,128883.088,6223240,2620293,NA,1.826249403,1232.317224,2,7.05,0,84.74318695,73.86,2115.921787
Niger,NER,0.624,0.653,0.624,4,3,-0.571,6,1188522.525,20001663,16751993,NA,9.804303593,432.5066832,4,1.31,1,17.22759056,61.137,492.5036346
Zambia,ZMB,0.456,0.708,0.449,4,3,-0.23,7,756428.205,15879361,9224802,57.1,11.16358183,741.7902647,4,6.354,0,35.17316437,62.464,1347.748086
Zimbabwe,ZWE,0.297,0.261,0.278,5,5,-1.318,4,391930.531,13814629,9340770,NA,4.561980836,1576.086929,4,7.918,0,39.67622757,60.294,1433.608776
Guinea,GIN,0.468,0.189,0.36,5,5,-1.161,4,246594.677,11432088,7414743,NA,14.1138586,587.6179195,4,3.347,0,33.5,60.17,830.2461639
Ivory Coast,CIV,0.513,0.671,0.512,4,4,-0.63,4,323412.229,23226143,11742211,41.5,3.29367335,1723.157369,4,3.78,0,64.3,56.567,2061.215247
Mauritania,MRT,0.457,0.158,0.423,5,6,-0.866,-2,1043783.427,4046301,1979088,NA,5.204353415,1417.656162,4,4.486,0,41.33416367,64.208,1499.836222
Canada,CAN,0.839,0.987,0.881,1,1,1.842,10,9923995.405,35702908,6691082,33.7,0.334893277,NA,5,13.08,0,100,81.9,43536.9134
Australia,AUS,0.886,0.984,0.863,1,1,1.825,10,7718924.697,23815995,3405449,NA,3.27865687,39223.16077,5,13.14,0,100,82.44878049,57424.25134
Botswana,BWA,0.686,0.873,0.751,2,3,0.596,8,581127.216,2120716,696549,53.3,0.740622265,3968.320716,4,9.889,0,64.29515076,68.178,6963.770637
Burundi,BDI,0.216,0.106,0.305,6,7,-1.168,-1,27367.75,10160030,8932905,NA,15.53249535,350.9509938,4,2.331,0,9.251799583,60.528,294.2188419
Cape Verde,CPV,0.844,0.889,0.818,1,1,0.591,10,4054.303,524743,187332,42.4,0.799397011,1236.561914,4,NA,0,89.22769928,72.347,3147.837443
Central African Republic,CAF,0.288,0.167,0.411,7,7,-1.685,0,622696.581,4493170,2683457,NA,12.66145709,486.3657141,4,3.058,0,13.49867058,51.593,391.4735359
Chile,CHL,0.89,0.96,0.871,1,1,1.344,10,745808.494,17969353,2271327,44.4,4.02835584,7380.061284,2,10.36,0,100,79.779,13624.67855
Costa Rica,CRI,0.893,0.95,0.902,1,1,0.505,10,51402.625,4847804,1121685,48.4,1.147252451,6920.579041,2,7.5,0,99.5,79.738,12004.67131
Timor-Leste,TLS,0.667,0.637,0.633,3,3,-1.122,8,15138.824,1196302,843507,NA,81.94996236,NA,6,NA,0,76.5,68.735,1351.65748
Ecuador,ECU,0.563,0.398,0.849,3,3,-1.029,5,257026.691,16212020,5933924,46,4.785458165,4414.928258,2,8.579,0,98.7,76.365,5947.00199
France,FRA,0.876,0.957,0.907,1,1,1.413,9,547871.255,66593366,13539246,32.7,0.041049665,29734.04522,5,12.46,0,100,82.57317073,36941.93624
Germany,DEU,0.878,0.991,0.905,1,1,1.795,10,356448.186,81686611,18624547,31.7,0.075511768,31615.44279,5,12.98,0,100,80.9902439,41665.27277
Guatemala,GTM,0.614,0.409,0.716,4,4,-0.947,8,109653.931,16252429,7788224,NA,1.788112322,2965.891791,2,5.5,0,91.79523468,73.541,4034.158482
Iran,IRN,0.216,0.192,0.667,6,6,-0.923,-7,1626149.96,78492215,20911894,39.5,15.81645541,3599.604811,3,6.25,0,99.95,76.047,5486.407964
Iraq,IRQ,0.42,0.249,0.637,6,5,-1.418,6,437462.661,35572261,10699783,NA,34.2467187,2026.936665,3,6.78,1,99.65268707,70.122,5183.408969
Ireland,IRL,0.889,0.975,0.886,1,1,1.775,10,69507.089,4701957,1761447,31.8,0.017802752,27987.56149,5,10.69,0,100,81.65365854,62543.46906
Italy,ITA,0.881,0.912,0.9,1,1,0.275,10,300242.621,60730582,18483353,35.4,0.081836473,29253.32217,5,10.95,0,100,83.24390244,30673.30784
Jordan,JOR,0.262,0.618,0.802,5,6,0.439,-3,89491.068,9266575,902935,NA,1.400035893,3420.425244,3,9.177,0,99.99480438,74.184,4119.252115
Latvia,LVA,0.86,0.956,0.87,2,2,0.795,8,64469.191,1977527,633204,34.2,0.971074416,4968.687059,1,11.015,0,100,74.5804878,14230.9281
Lesotho,LSO,0.61,0.608,0.625,3,3,-0.174,8,30621.429,2059021,1504972,NA,6.184519147,659.6680304,4,6.589,0,35.18151093,52.059,1178.018451
Liberia,LBR,0.642,0.454,0.815,4,3,-0.857,6,96634.517,4472230,2244165,NA,19.75276888,NA,4,5.576,0,17.7,62.802,681.5621768
Malawi,MWI,0.592,0.545,0.398,3,3,-0.307,6,119198.864,16745303,14013643,NA,8.855925673,275.2046509,4,4.77,0,11,62.681,379.6239342
Maldives,MDV,0.394,0.225,0.684,5,4,-0.576,NA,33.854,454915,279640,NA,0.005869166,5538.792992,6,NA,0,100,78.013,9189.986948
Mongolia,MNG,0.656,0.653,0.885,2,1,-0.38,10,1562323.427,2998439,952602,NA,9.789107021,1451.591526,1,NA,0,91.00872803,69.321,3889.237589
Morocco,MAR,0.294,0.558,0.745,4,5,-0.089,-4,674614.243,34663603,13585015,NA,2.443517618,1541.397023,3,4.39,0,97.8,75.974,3212.817828
Netherlands,NLD,0.883,0.986,0.906,1,1,1.944,10,35485.575,16939923,1664686,28.2,0.432116071,33683.19507,5,11.53,0,100,81.56097561,45920.31402
Panama,PAN,0.791,0.622,0.876,2,2,-0.106,9,74612.568,3968487,1321666,50.8,0.13497609,6059.829352,2,9.06,0,93.17071533,77.964,14062.43613
Papua New Guinea,PNG,0.471,0.484,0.704,3,4,-0.869,5,465827.908,8107775,7052789,NA,11.66608378,2146.540816,6,NA,0,49.4,63.744,2770.395138
Qatar,QAT,0.087,0.489,0.425,5,6,0.771,-10,11143.663,2565710,27068,NA,19.93349784,NA,3,NA,0,100,79.868,62800.36806
Sierra Leone,SLE,0.498,0.321,0.663,3,3,-0.854,7,72952.343,7171914,4243690,NA,10.57136024,421.2792745,4,3.99,0,20.3,53.444,610.4900558
Spain,ESP,0.873,0.978,0.894,1,1,0.902,10,506733.604,46444832,9473817,36.2,0.047946213,19994.02769,5,10.26,0,100,83.32926829,26489.65868
Syria,SYR,0.142,0.039,0.394,7,7,-1.423,-9,187318.011,17997408,8608522,NA,NA,1200.069828,3,7.99,1,89.69534302,70.315,NA
Tunisia,TUN,0.73,0.874,0.846,3,1,-0.066,7,155771.466,11179949,3571324,32.8,2.403928254,2331.750948,3,6.331,0,100,76.115,3867.050574
Turkey,TUR,0.434,0.485,0.58,4,3,-0.113,3,781079.221,78529409,20723127,42.9,0.214453625,5782.253116,3,6.75,1,100,76.86,11187.05364
Ukraine,UKR,0.418,0.226,0.855,3,3,-0.814,4,596958.709,45154029,13970207,25.5,2.689199011,1497.809915,1,11.512,1,100,71.47634146,2903.795409
United Kingdom,GBR,0.863,0.973,0.826,1,1,1.813,10,243845.076,65128861,11313292,33.2,0.331668096,33645.0733,5,13.3,0,100,81.15609756,45469.07774
Uruguay,URY,0.865,0.963,0.846,1,1,0.712,10,178357.241,3412009,169065,40.1,1.839183282,9012.815847,2,8.71,0,99.7,77.498,15821.35902
Algeria,DZA,0.293,0.236,0.743,5,6,-0.864,2,2326148.441,39728025,11581512,NA,15.85764042,2834.265193,3,7.3,0,99.40287018,76.298,4224.034583
Angola,AGO,0.304,0.194,0.664,6,6,-1.082,-2,1254965.956,27884381,10192856,NA,10.80155578,2146.455653,4,2.98,0,41.79737854,59.925,3924.620471
Armenia,ARM,0.356,0.264,0.895,4,5,-0.388,5,29702.499,2925553,1079970,32.4,0.760031512,958.5062383,1,10.818,0,99.8,74.64,3601.469664
Azerbaijan,AZE,0.189,0.027,0.503,6,7,-0.674,-7,86045.875,9649341,4369801,NA,14.56859577,1102.459147,1,10.803,0,100,72.493,5272.532909
Belarus,BLR,0.249,0.26,0.7,6,7,-0.813,-7,207315.892,9489616,2158923,25.6,1.153056425,1886.477425,1,10.205,0,100,73.82682927,5791.531743
Cameroon,CMR,0.359,0.085,0.765,6,6,-0.976,-4,467816.06,23298368,10582588,NA,6.104342717,1019.7331,4,5.1,1,59.76893234,58.063,1352.738608
Chad,TCD,0.279,0.052,0.794,6,7,-1.183,-2,1161920.148,14110975,10933886,NA,13.19320091,393.0779446,4,6.249,1,9.240955353,53.438,704.9600718
China,CHN,0.084,0.363,0.443,6,7,-0.41,-7,9388505.693,1371220000,614037700,38.6,1.182763884,1520.026785,6,7.688,0,100,76.21,8572.882133
Democratic Republic of the Congo,COD,0.347,0.091,0.193,6,6,-1.573,5,2342042.845,76244544,43657619,NA,20.1170171,485.4170566,4,3.592,0,17.20158195,59.655,492.8026796
Republic of the Congo,COG,0.254,0.155,0.491,5,6,-1.079,-4,346333.854,4856095,1673264,NA,17.34214591,2113.19155,4,5.845,0,45.1781311,63.556,2130.795357
Djibouti,DJI,0.266,0.274,0.593,5,6,-0.922,3,21567.91,913993,206408,NA,0.66101077,NA,4,NA,0,58.74835587,65.064,2789.709508
Dominican Republic,DOM,0.555,0.296,0.83,3,3,-0.513,8,48625.699,10281680,2203774,45.2,0.535347858,3340.043933,2,6.66,0,98.9,73.471,7300.033285
Eritrea,ERI,0.07,0.055,0.059,7,7,-1.488,-7,121605.399,NA,NA,NA,NA,741.2072145,4,NA,0,46.77131271,65.111,NA
Gabon,GAB,0.386,0.473,0.633,5,6,-0.55,3,262447.342,1947686,231425,NA,12.47895127,8815.228873,4,5.704,0,88.16036987,65.418,7313.139965
The Gambia,GMB,0.283,0.23,0.584,6,7,-0.721,-5,10787.14,2085860,850447,35.9,5.558881778,682.9385402,4,3.598,0,55.99819565,61.166,653.7329927
Georgia,GEO,0.736,0.817,0.873,3,3,0.272,7,70004.605,3725276,1585179,36.5,0.55624032,1033.02318,1,10.902,0,100,73.207,4128.385603
Guinea-Bissau,GNB,0.551,0.314,0.598,5,5,-1.284,6,33462.115,1737202,1005443,NA,19.87141771,700.0042168,4,NA,0,23.04921532,57.328,624.9197523
Jamaica,JAM,0.833,0.9,0.859,3,2,-0.227,9,11097.42,2891021,1305789,NA,1.266112454,5159.781952,2,9.08,0,96.7452774,74.175,4949.369484
Kazakhstan,KAZ,0.245,0.24,0.652,5,6,-0.439,-6,2721207.079,17542806,7509900,26.8,9.55269289,3700.754486,1,11.748,0,100,72.41,10476.34757
Kyrgyzstan,KGZ,0.445,0.306,0.752,5,5,-0.989,7,199732.54,5956900,3825700,29,4.336878115,587.3052078,1,10.242,0,99.71,70.95121951,1146.103221
Laos,LAO,0.094,0.22,0.258,6,7,-0.799,-7,231120.579,6741164,4509297,NA,5.53855992,762.0555613,6,5.523,0,90.77253723,66.924,2249.693465
Libya,LBY,0.282,0.225,0.559,6,6,-1.629,0,1741136.625,6418315,1330517,NA,27.28717784,NA,3,8.074,1,71.91355133,72.311,4168.691677
Madagascar,MDG,0.446,0.218,0.837,4,3,-0.687,6,596098.591,24234088,15705380,NA,8.61530173,473.9626531,4,4.13,0,22.9,65.931,473.0052886
Moldova,MDA,0.579,0.548,0.902,3,3,-0.353,9,33670.87,3554108,1630138,27,0.329729603,1502.245384,1,9.986,0,100,71.617,2885.874216
Namibia,NAM,0.731,0.888,0.751,2,2,0.19,6,828714.948,2314904,1229212,59.1,1.885761273,2898.874207,4,6.126,0,49.7,62.625,4808.650825
Palestine/West Bank,PSE,0.252,0.77,0.69,5,6,-0.506,NA,NA,4270092,1051809,NA,0,2189.26767,3,NA,0,100,73.589,3483.099035
Rwanda,RWA,0.275,0.747,0.67,6,6,0.05,-3,25305.624,11369071,9435870,NA,5.753198872,296.7281532,4,3.478,0,29.37,67.93,775.4756879
Somalia,SOM,0.171,0.125,0.314,7,7,-2.3,5,640483.589,13797201,7830603,NA,NA,NA,4,1.636,1,30.87970161,56.324,293.6597045
Sri Lanka,LKA,0.519,0.687,0.64,4,4,0.037,6,66468.359,20970000,17141717,NA,0.123390773,1548.549212,6,7.421,0,97.5,76.482,3972.10259
Eswatini,SWZ,0.143,0.242,0.087,5,7,-0.324,-9,17179.418,1104044,846797,NA,3.282255677,2329.725059,4,7.82,0,63.43,56.962,3687.074926
Tajikistan,TJK,0.19,0.042,0.223,6,7,-1.056,-3,142643.84,8454028,6193245,34,2.326215851,467.4290606,1,9.352,0,99.19988251,70.397,1020.616156
Togo,TGO,0.503,0.199,0.753,4,4,-0.799,-2,57485.448,7323158,4386574,43.1,12.72800872,476.2960485,4,4.907,0,46.84999847,60.22,587.6580627
Trinidad and Tobago,TTO,0.733,0.87,0.807,2,2,-0.116,10,5041.729,1370328,639685,NA,6.463061285,7459.757355,2,9.551,0,100,73.1,17103.86558
Turkmenistan,TKM,0.149,0.051,0.182,7,7,-1.418,-8,472337.175,5565287,2765000,NA,17.99602598,1974.107323,1,NA,0,99.99401093,67.835,6714.377521
Palestine/Gaza,PSG,0.132,0.32,0.621,6,7,NA,NA,NA,NA,NA,NA,NA,NA,3,NA,0,NA,NA,NA
Somaliland,SML,0.451,0.353,0.715,5,5,NA,NA,NA,NA,NA,NA,NA,NA,4,NA,0,NA,NA,NA
Uzbekistan,UZB,0.178,0.043,0.266,7,7,-1.111,-9,446971.06,31298900,15414708,NA,7.572963995,1142.971065,1,10.294,0,100,71.171,2726.564811
Austria,AUT,0.867,0.968,0.921,1,1,1.855,10,83896.078,8642699,3654565,30.5,0.134802777,33776.89854,5,11.5,0,100,81.64146341,44572.32282
Bahrain,BHR,0.127,0.123,0.644,6,7,0.425,-10,642.915,1371851,150918,NA,5.129701491,22185.49563,3,NA,0,100,76.899,22552.68457
Barbados,BRB,0.78,0.892,0.873,1,1,1.095,NA,448.946,285324,196165,NA,0.184925552,14010.99897,2,9.675,0,100,78.888,16906.59362
Belgium,BEL,0.904,0.982,0.9,1,1,1.463,8,30611.699,11274196,239464,27.7,0.019531679,31317.29498,5,11.29,0,100,81.43902439,41301.40652
Bosnia and Herzegovina,BIH,0.545,0.501,0.856,3,4,-0.281,NA,51537.975,3429361,1811629,NA,1.013488849,768.9174909,1,NA,0,100,76.998,4938.238431
Bulgaria,BGR,0.724,0.704,0.851,2,2,-0.097,9,111083.068,7177991,1866995,38.6,0.65940609,4021.722817,1,11.28,0,100,74.81219512,7377.063449
Comoros,COM,0.503,0.307,0.661,4,3,-0.815,9,1726.736,777424,556099,NA,2.465839676,1155.113733,4,NA,0,76.78272247,63.7,1254.540115
Croatia,HRV,0.827,0.762,0.846,2,1,0.2,9,55889.115,4203604,1843070,31.1,0.694377569,7263.570884,1,NA,0,100,78.02195122,12279.33386
Cuba,CUB,0.182,0.261,0.246,6,7,-0.701,-7,109740.925,11324781,2616476,NA,0.692245052,3360.317244,2,10.28,0,98.95259857,78.607,7726.495044
Cyprus,CYP,0.858,0.922,0.874,1,1,1.04,10,9157.709,1160985,383753,34,0.019967407,19452.4874,5,9.325,0,100,80.513,29523.86515
Czech Republic,CZE,0.843,0.907,0.891,1,1,1.148,9,78668.412,10546059,2797131,25.9,0.309695938,11219.15007,1,11.247,0,100,79.02682927,18247.01173
Denmark,DNK,0.902,0.994,0.914,1,1,2.042,10,42604.674,5683483,708958,28.2,0.534416293,43310.25009,5,12.07,0,100,80.85365854,54556.06895
Equatorial Guinea,GNQ,0.183,0.035,0.54,7,7,-1.456,-6,27102.467,1168568,343374,NA,17.98058014,709.8651917,4,NA,0,66.13747406,57.713,9894.006294
Estonia,EST,0.9,0.979,0.898,1,1,1.332,9,45791.58,1315407,415458,32.7,1.145025253,7134.660923,1,11.456,0,100,77.64146341,17938.72927
Fiji,FJI,0.434,0.712,0.623,3,3,-0.404,2,18172.866,868627,393264,NA,1.040825065,3868.24886,6,8.248,0,96.5249939,67.175,5498.61368
Finland,FIN,0.873,0.986,0.882,1,1,2.063,10,333891.198,5479531,809601,27.1,0.413878313,29900.87062,5,12.03,0,100,81.42926829,43861.32391
Greece,GRC,0.88,0.877,0.894,2,2,0.267,10,130247.978,10820883,2375617,36,0.068717082,15940.48145,5,10.7,0,100,81.38780488,18036.53922
Guyana,GUY,0.623,0.616,0.811,3,2,-0.527,7,211982.005,767432,564516,NA,8.564432501,3299.995122,2,8.941,0,89.25455475,69.454,5759.667724
Hong Kong,HKG,0.347,0.906,0.833,2,5,1.826,NA,NA,7291300,0,NA,0.001125736,25619.94743,6,NA,0,100,84.22682927,43084.76508
Iceland,ISL,0.866,0.983,0.906,1,1,1.667,NA,102510.041,330815,20841,26.8,0.000301799,34188.3821,5,11.388,0,100,82.20487805,55513.6423
Israel,ISR,0.743,0.906,0.805,2,1,1.162,6,28159.601,8380100,655408,NA,0.246481302,25179.96993,3,10.716,0,100,82.40731707,36462.31124
Kuwait,KWT,0.326,0.63,0.684,5,5,0.001,-7,16798.111,3835591,0,NA,37.05523006,34712.31105,3,NA,0,100,75.224,29801.23802
Lithuania,LTU,0.838,0.96,0.887,1,1,1.008,10,64857.557,2904910,951939,37.4,0.3549815,4934.035545,1,11.584,0,100,74.67073171,14804.29689
Luxembourg,LUX,0.896,0.963,0.882,1,1,1.875,10,2577.809,569604,55941,32.9,0.012654971,74865.98242,5,NA,0,100,82.68536585,103753.5807
North Macedonia,MKD,0.464,0.276,0.77,3,4,-0.189,9,25483.193,2079328,881751,35.6,0.911213135,2898.222344,1,NA,0,100,75.498,4978.066961
Malaysia,MYS,0.303,0.406,0.603,4,4,0.502,5,330691.511,30270962,7805974,41.1,6.71145829,5727.115058,6,9.63,0,100,75.649,10258.04151
Malta,MLT,0.774,0.829,0.871,1,1,1.136,NA,295.019,445053,24861,29.4,0,12344.77156,5,NA,0,100,82.45365854,25354.17544
Mauritius,MUS,0.836,0.737,0.818,2,1,0.855,10,2155.897,1262605,744937,NA,0.001171309,4452.478331,4,7.828,0,99.54343414,74.39487805,9609.250983
Montenegro,MNE,0.46,0.642,0.825,3,3,0.052,9,14021.896,622159,212741,39,0.721398982,NA,1,NA,0,100,76.568,6707.824582
New Zealand,NZL,0.888,0.993,0.913,1,1,2.001,10,268943.319,4595700,629598,NA,1.290506303,28033.93496,5,12.33,0,100,81.61243902,39181.69283
Norway,NOR,0.882,0.993,0.926,1,1,2.011,10,319586.663,5188607,981114,27.5,5.333785795,58151.59918,5,12.6,0,100,82.40731707,74493.11794
Oman,OMN,0.174,0.667,0.588,5,6,0.377,-8,310330.682,4267348,795859,NA,23.97357637,17699.76585,3,NA,0,100,77.142,16053.6282
Paraguay,PRY,0.601,0.454,0.73,3,3,-0.692,9,400653.401,6688746,2625333,47.6,1.598966632,4261.828555,2,7.07,0,98.4,73.836,5570.605349
Romania,ROU,0.708,0.781,0.887,2,2,0.158,9,237334.065,19815481,9137575,35.9,0.963373196,4551.535548,1,10.357,0,99.1,75.2097561,9444.994917
Sao Tome and Principe,STP,0.76,0.779,0.78,2,2,-0.756,NA,1149.775,199432,59485,NA,3.412883358,NA,4,NA,0,69.42658234,69.67,1620.056461
Saudi Arabia,SAU,0.022,0.247,0.459,7,7,0.118,-10,1933234.385,31717667,5334913,NA,24.10706865,18070.40185,3,8.475,1,99.9,74.761,20503.38177
Serbia,SRB,0.483,0.481,0.866,2,2,-0.117,8,77201.66,7095383,3143538,40.5,1.245589443,2781.246987,1,NA,0,100,75.68780488,5805.899396
Seychelles,SYC,0.456,0.867,0.528,3,3,0.201,NA,380.173,93419,41665,NA,0.102871431,8955.916768,4,10.405,0,100,74.3097561,15213.25099
Singapore,SGP,0.397,0.972,0.8,4,4,1.813,-2,554.86,5535002,0,NA,0.000382738,30366.68618,6,10.53,0,100,82.84634146,56757.91827
Slovakia,SVK,0.854,0.829,0.882,1,1,0.504,10,48884.72,5423801,2500969,26.5,0.26276195,7539.077262,1,11.176,0,100,77.16585366,16637.39424
Slovenia,SVN,0.869,0.942,0.9,1,1,0.975,10,20415.613,2063531,953743,25.4,0.263555917,13270.73505,1,NA,0,100,81.17560976,21532.51516
Solomon Islands,SLB,0.566,0.579,0.655,3,3,-0.486,8,27157.469,603118,468272,NA,16.67728424,2560.01885,6,NA,0,58.48770142,72.424,2234.146102
Vanuatu,VUT,0.73,0.812,0.774,2,2,0.104,NA,12335.118,271130,203452,NA,0.784549066,2702.822075,6,NA,0,57.82,70.021,2749.073922
United Arab Emirates,ARE,0.095,0.73,0.341,6,6,0.641,-8,70685.174,9262900,1327002,NA,14.05058311,60169.07425,3,NA,0,100,77.47,39429.3804
Hungary,HUN,0.607,0.711,0.903,2,2,0.4,10,92949.133,9843028,2903693,30.4,0.281004931,7677.987696,1,11.19,0,100,76.06341463,13017.17658
Zanzibar,ZZB,0.316,0.278,0.61,NA,NA,NA,NA,NA,NA,NA,NA,NA,NA,4,NA,0,NA,NA,NA
